{
  "project_info": {
    "project_number": "306156662794",
    "project_id": "fir-taks",
    "storage_bucket": "fir-taks.appspot.com"
  },
  "client": [
    {
      "client_info": {
        "mobilesdk_app_id": "1:306156662794:android:3453ad24043fd0fc842ff3",
        "android_client_info": {
          "package_name": "com.vsn.firebasetaks"
        }
      },
      "oauth_client": [
        {
          "client_id": "306156662794-hpo8flnsiotqeckr8o1p3s2c5lq6naq6.apps.googleusercontent.com",
          "client_type": 3
        }
      ],
      "api_key": [
        {
          "current_key": "AIzaSyAerWgz-4qSINRnJUJLpch038gNwC8298I"
        }
      ],
      "services": {
        "appinvite_service": {
          "other_platform_oauth_client": [
            {
              "client_id": "306156662794-hpo8flnsiotqeckr8o1p3s2c5lq6naq6.apps.googleusercontent.com",
              "client_type": 3
            }
          ]
        }
      }
    }
  ],
  "configuration_version": "1"
}